{"cameraMode":{"drawMode":0,"name":"Shaded","section":"Shading Mode"},"sceneLighting":true,"audioPlay":false,"sceneViewState":{"showFog":true,"showMaterialUpdate":false,"showSkybox":true,"showFlares":true,"showImageEffects":true,"showParticleSystems":true},"in2DMode":false,"pivot":{"x":-41.30718994140625,"y":52.75324630737305,"z":89.85244750976563},"rotation":{"x":0.11448097974061966,"y":0.8851470947265625,"z":-0.30497562885284426,"w":0.33226343989372256},"size":208.9902801513672,"orthographic":true}