{"cameraMode":{"drawMode":0,"name":"Shaded","section":"Shading Mode"},"sceneLighting":true,"audioPlay":false,"sceneViewState":{"showFog":true,"showMaterialUpdate":false,"showSkybox":true,"showFlares":true,"showImageEffects":true,"showParticleSystems":true},"in2DMode":false,"pivot":{"x":-62.202693939208987,"y":37.396934509277347,"z":26.745803833007814},"rotation":{"x":0.11069774627685547,"y":0.3079906702041626,"z":-0.0361027829349041,"w":0.9442422986030579},"size":348.8350830078125,"orthographic":true}