{"cameraMode":{"drawMode":0,"name":"Shaded","section":"Shading Mode"},"sceneLighting":true,"audioPlay":false,"sceneViewState":{"showFog":true,"showMaterialUpdate":true,"showSkybox":true,"showFlares":true,"showImageEffects":true,"showParticleSystems":true},"in2DMode":false,"pivot":{"x":-84.2696304321289,"y":-345.9670715332031,"z":364.0450439453125},"rotation":{"x":0.28717032074928286,"y":-0.01580968126654625,"z":0.0047356910072267059,"w":0.9577474594116211},"size":530.768310546875,"orthographic":false}